module_item_id,module_item_title,module_item_position,module_item_type,module_id,module_item_html_url,module_item_page_url,module_item_url,module_item_published,course_id,module_item_content_id,module_title,module_position,module_is_published,item_order,item_overall_order
1,0.1 Introduction to Cats and Dogs,1,Page,1,,,,TRUE,,,Course information,1,TRUE,1.01,0
2,Your Instructor,2,Page,1,,,,TRUE,,,Course information,1,TRUE,1.02,1
3,0.2 Breeds of Cats and Dogs,3,Page,1,,,,TRUE,,,Course information,1,TRUE,1.03,2
4,0.3 Nutrition for Cats and Dogs,4,Page,1,,,,TRUE,,,Course information,1,TRUE,1.04,3
5,0.4 Health Care and Vet Visits,5,Page,1,,,,TRUE,,,Course information,1,TRUE,1.05,4
6,0.5 Playtime and Enrichment Activities,6,Page,1,,,,TRUE,,,Course information,1,TRUE,1.06,5
7,0.5.1 DIY Pet Toys,7,Page,1,,,,TRUE,,,Course information,1,TRUE,1.07,6
8,0.7 Daily Routine for Cats and Dogs,8,Page,1,,,,TRUE,,,Course information,1,TRUE,1.08,7
9,0.8 Tips for Introducing Cats and Dogs,9,Page,1,,,,TRUE,,,Course information,1,TRUE,1.09,8
10,0.9 Pet Safety at Home,10,Page,1,,,,TRUE,,,Course information,1,TRUE,1.1,9
11,0.10 Differences in Behavior,11,Page,1,,,,TRUE,,,Course information,1,TRUE,1.11,10
12,0.11 Grooming Tips for Cats and Dogs,12,Page,1,,,,TRUE,,,Course information,1,TRUE,1.12,11
13,0.13 Fun Facts about Cats and Dogs,14,Page,1,,,,TRUE,,,Course information,1,TRUE,1.1400000000000001,13
14,Sources of Published Pet Research,1,Page,2,,,,TRUE,,,Resources for the Course,2,TRUE,2.01,14
15,Sources of Pet Data,2,Page,2,,,,TRUE,,,Resources for the Course,2,TRUE,2.02,15
16,Leash training tools,3,Page,2,,,,TRUE,,,Resources for the Course,2,TRUE,2.03,16
17,1.1 Overview of Pet Ownership,1,Page,3,,,,TRUE,,,Module 1,3,TRUE,3.01,17
18,1.2 Cat Breeds and Characteristics,2,Page,3,,,,TRUE,,,Module 1,3,TRUE,3.02,18
19,Introduce Yourself to the Community!,3,Discussion,3,,,,TRUE,,,Module 1,3,TRUE,3.03,19
20,1.3 Dog Breeds and Characteristics,4,Page,3,,,,TRUE,,,Module 1,3,TRUE,3.04,20
21,1.4 Adopting a Cat or Dog: Things to Consider,5,Page,3,,,,TRUE,,,Module 1,3,TRUE,3.05,21
22,1.5 Choosing the Right Pet for Your Lifestyle,6,Discussion,3,,,,TRUE,,,Module 1,3,TRUE,3.06,22
23,1.6 Bonding with Your Pet,7,Page,3,,,,TRUE,,,Module 1,3,TRUE,3.07,23
24,1.7 Traveling with Cats and Dogs,8,Page,3,,,,TRUE,,,Module 1,3,TRUE,3.08,24
25,1.8 Dealing with Pet Allergies,9,Page,3,,,,TRUE,,,Module 1,3,TRUE,3.09,25
26,Module 1 Discussion Forum: Pet Definitions & Origins,10,Discussion,3,,,,TRUE,,,Module 1,3,TRUE,3.1,26
27,1.9 Senior Cats and Dogs: Special Care Tips,11,Page,3,,,,TRUE,,,Module 1,3,TRUE,3.11,27
28,1.10 Famous Cats and Dogs in History,12,Page,3,,,,TRUE,,,Module 1,3,TRUE,3.12,28
29,Task 1: Explore Pet Analytics,13,Discussion,3,,,,TRUE,,,Module 1,3,TRUE,3.13,29
30,1.11 Pet Psychology,14,Page,3,,,,TRUE,,,Module 1,3,TRUE,3.14,30
31,1.14 Responsible Pet Ownership,17,Discussion,3,,,,TRUE,,,Module 1,3,TRUE,3.17,33
32,Module 1 References,18,Page,3,,,,TRUE,,,Module 1,3,TRUE,3.18,34
33,2.1 Cat and Dog Etiquette,1,Page,4,,,,TRUE,,,Module 2,4,TRUE,4.01,35
34,2.2 Pet-Friendly Places and Events,2,Page,4,,,,TRUE,,,Module 2,4,TRUE,4.02,36
35,2.3 Pet Photography Tips,3,Page,4,,,,TRUE,,,Module 2,4,TRUE,4.03,37
36,2.4 DIY Pet Costumes,4,Discussion,4,,,,TRUE,,,Module 2,4,TRUE,4.04,38
37,2.5 Famous Cats and Dogs on Social Media,5,Discussion,4,,,,TRUE,,,Module 2,4,TRUE,4.05,39
38,Task 2A: Pets in Your Context,7,Discussion,4,,,,TRUE,,,Module 2,4,TRUE,4.07,40
39,2.6 Pet Influencers and Brands,8,Page,4,,,,TRUE,,,Module 2,4,TRUE,4.08,41
40,2.7 Pet Festivals and Celebrations,9,Page,4,,,,TRUE,,,Module 2,4,TRUE,4.09,42
41,2.7.1 Annual Cat and Dog Show Highlights,10,Page,4,,,,TRUE,,,Module 2,4,TRUE,4.1,43
42,Task 2B: Advanced Cats and Dogs,11,Assignment,4,,,,TRUE,,,Module 2,4,TRUE,4.11,44
43,Discussions for Task 2B: Exploring Some 'Real' Pet Data,12,Discussion,4,,,,TRUE,,,Module 2,4,TRUE,4.12,45
44,2.8 Pet Wellness Trends,13,Page,4,,,,TRUE,,,Module 2,4,TRUE,4.13,46
45,2.9 Pet Subscription Boxes,14,Page,4,,,,TRUE,,,Module 2,4,TRUE,4.14,47
46,Module 2 References,15,Page,4,,,,TRUE,,,Module 2,4,TRUE,4.15,48
47,3.1 Cat and Dog Behavior Studies,1,Page,5,,,,TRUE,,,Module 3,5,TRUE,5.01,49
48,3.2 Indoor vs. Outdoor Living for Cats and Dogs,2,Page,5,,,,TRUE,,,Module 3,5,TRUE,5.02,50
49,3.3 Pet-Friendly Home Decor Ideas,3,Page,5,,,,TRUE,,,Module 3,5,TRUE,5.03,51
50,3.4 Technology for Pet Owners,4,Page,5,,,,TRUE,,,Module 3,5,TRUE,5.04,52
51,Task 3: Investigate Pet Adoptions,5,Discussion,5,,,,TRUE,,,Module 3,5,TRUE,5.05,53
52,[Pet Wiki] Cats and Dog,6,Page,5,,,,TRUE,,,Module 3,5,TRUE,5.06,54
53,3.5 DIY Pet Home Projects,7,Page,5,,,,TRUE,,,Module 3,5,TRUE,5.07,55
54,3.6 Eco-Friendly Pet Products,8,Page,5,,,,TRUE,,,Module 3,5,TRUE,5.08,56
55,3.7 Homemade Cat and Dog Treat Recipes,9,Page,5,,,,TRUE,,,Module 3,5,TRUE,5.09,57
56,3.8 Pet-Friendly Gardening Tips,10,Page,5,,,,TRUE,,,Module 3,5,TRUE,5.1,58
57,3.9 Cat and Dog Fitness and Exercise,11,Page,5,,,,TRUE,,,Module 3,5,TRUE,5.11,59
58,3.10 Understanding Cat and Dog Communication,12,Page,5,,,,TRUE,,,Module 3,5,TRUE,5.12,60
59,3.11 Training Techniques for Cats and Dogs,13,Page,5,,,,TRUE,,,Module 3,5,TRUE,5.13,61
60,3.13 Benefits of Pet Therapy,14,Page,5,,,,TRUE,,,Module 3,5,TRUE,5.14,62
61,Module 3 Discussion Forum: The Pet Behavior Cycle,15,Discussion,5,,,,TRUE,,,Module 3,5,TRUE,5.15,63
62,Module 3 References,17,Page,5,,,,TRUE,,,Module 3,5,TRUE,5.17,65
63,4.1 Challenges in Cat and Dog Ownership,1,Page,6,,,,TRUE,,,Module 4,6,TRUE,6.01,66
64,4.2 Dealing with Pet Loss,2,Page,6,,,,TRUE,,,Module 4,6,TRUE,6.02,67
65,Module 4 Discussion Forum: Ethics for Pet Ownership,3,Discussion,6,,,,TRUE,,,Module 4,6,TRUE,6.03,68
66,4.3 Pet Insurance Options,4,Page,6,,,,TRUE,,,Module 4,6,TRUE,6.04,69
67,4.4 Trends in Pet Fashion,5,Page,6,,,,TRUE,,,Module 4,6,TRUE,6.05,70
68,4.5 Innovations in Pet Care Products,6,Page,6,,,,TRUE,,,Module 4,6,TRUE,6.06,71
69,4.6 The Role of Cats and Dogs in Literature and Art,7,Page,6,,,,TRUE,,,Module 4,6,TRUE,6.07,72
70,4.7 Ethical Considerations in Pet Breeding,8,Page,6,,,,TRUE,,,Module 4,6,TRUE,6.08,73
71,4.8 Extend Your Pet Knowledge (Contribute to this Wiki Page),9,Page,6,,,,TRUE,,,Module 4,6,TRUE,6.09,74
72,Task 4A: Pet Questions,10,Discussion,6,,,,TRUE,,,Module 4,6,TRUE,6.1,75
73,Task 4B: Cat or Dog?,11,Assignment,6,,,,TRUE,,,Module 4,6,TRUE,6.11,76
74,Task 4C: You Advise on Pet Adoption,12,Assignment,6,,,,TRUE,,,Module 4,6,TRUE,6.12,77
75,Module 4 References,13,Page,6,,,,TRUE,,,Module 4,6,TRUE,6.13,78
76,5.1 International Cat Day Celebrations,1,Page,7,,,,TRUE,,,Module 5,7,TRUE,7.01,79
77,5.2 Dog-Friendly Travel Destinations,2,Page,7,,,,TRUE,,,Module 5,7,TRUE,7.02,80
78,Module 5 Discussion Forum: Planning for Pet Implementation (and Questions about Task 7),3,Discussion,7,,,,TRUE,,,Module 5,7,TRUE,7.03,81
79,5.3 Cat Cafes Around the World,4,Page,7,,,,TRUE,,,Module 5,7,TRUE,7.04,82
80,5.4 Trends in Pet Names,5,Page,7,,,,TRUE,,,Module 5,7,TRUE,7.05,83
81,5.5 Pet Horoscopes,6,Page,7,,,,TRUE,,,Module 5,7,TRUE,7.06,84
82,5.6 The Bond Between Humans and Pets,7,Page,7,,,,TRUE,,,Module 5,7,TRUE,7.07,85
83,Task 4A: Pet Questions,9,Discussion,7,,,,TRUE,,,Module 5,7,TRUE,7.09,86
84,Task 4B: Cat or Dog?,10,Assignment,7,,,,TRUE,,,Module 5,7,TRUE,7.1,87
85,Task 4C: You Advise on Pet Adoption,11,Assignment,7,,,,TRUE,,,Module 5,7,TRUE,7.11,88
86,5.7 Pet Memorials and Tributes,12,Page,7,,,,TRUE,,,Module 5,7,TRUE,7.12,89
87,5.8 Extend Your Pet Learning,13,Page,7,,,,TRUE,,,Module 5,7,TRUE,7.13,90
88,5.9 Voices from the Field: Stories of Pet Rescues,14,Page,7,,,,TRUE,,,Module 5,7,TRUE,7.14,91
89,5.10 Famous Cats and Dogs in Pop Culture,15,Discussion,7,,,,TRUE,,,Module 5,7,TRUE,7.15,92
90,Module 5 References,16,Page,7,,,,TRUE,,,Module 5,7,TRUE,7.16,93
91,6.1 Overview of Pet Research,1,Page,8,,,,TRUE,,,Module 6,8,TRUE,8.01,94
92,6.2 Cat and Dog Studies on Human Health Benefits,2,Page,8,,,,TRUE,,,Module 6,8,TRUE,8.02,95
93,Module 6 Discussion Forum: Evaluating Pet Tools,3,Discussion,8,,,,TRUE,,,Module 6,8,TRUE,8.03,96
94,6.3 Impact of Pets on Child Development,4,Discussion,8,,,,TRUE,,,Module 6,8,TRUE,8.04,97
95,Assignment 1: Evaluation of Pet Training Techniques,6,Assignment,8,,,,TRUE,,,Module 6,8,TRUE,8.06,99
96,7.1 Overview of Pet Resources,1,Page,9,,,,TRUE,,,Module 7,9,TRUE,9.01,100
97,7.2 Pet Care Guides and Manuals,2,Page,9,,,,TRUE,,,Module 7,9,TRUE,9.02,101
98,Pet Adventures: Ideas and Collaborations,3,Discussion,9,,,,TRUE,,,Module 7,9,TRUE,9.03,102
99,7.3 Guidance for Choosing the Right Cat or Dog,4,Page,9,,,,TRUE,,,Module 7,9,TRUE,9.04,103
100,Choose Your Pet Adventure!,5,Page,9,,,,TRUE,,,Module 7,9,TRUE,9.05,104
101,Assignment 2a: Submit Your Pet Adventure Proposal (Not Graded),6,Assignment,9,,,,TRUE,,,Module 7,9,TRUE,9.06,105
102,Assignment 2b: A Report on Your Pet Exploration,7,Assignment,9,,,,TRUE,,,Module 7,9,TRUE,9.07,106
103,Task 5: Share a Pet Adventure,8,Discussion,9,,,,TRUE,,,Module 7,9,TRUE,9.08,107
104,How to Create and Share Your Pet Video Tour,9,Page,9,,,,TRUE,,,Module 7,9,TRUE,9.09,108