Column1,user_id,assignment_submission_id,assignment_score,assignment_submitted_at,submission_type,assignment_id,assignment_submission_status,assignment_attempt,assignment_seconds_late,assignment_due_at,assignment_points_possible,assignment_title,assignment_submission_types,course_id,percent_score
,0bcc4,,95,2040-03-27T00:00:00Z,online_upload,,graded,1,0,2040-03-29T06:59:00Z,100,Assignment 1: Evaluation of Pet Training Techniques,"['online_url', 'online_upload']",,0.95
,152f3,,90,2040-03-29T00:00:00Z,online_upload,,graded,1,0,2040-03-29T06:59:00Z,100,Assignment 1: Evaluation of Pet Training Techniques,"['online_url', 'online_upload']",,0.9
,153d7,,100,2040-03-29T00:00:00Z,online_upload,,graded,1,0,2040-03-29T06:59:00Z,100,Assignment 1: Evaluation of Pet Training Techniques,"['online_url', 'online_upload']",,1
,28c58,,100,2040-03-27T00:00:00Z,online_upload,,graded,1,0,2040-03-29T06:59:00Z,100,Assignment 1: Evaluation of Pet Training Techniques,"['online_url', 'online_upload']",,1
,2975a,,95,2040-03-28T00:00:00Z,online_upload,,graded,1,0,2040-03-29T06:59:00Z,100,Assignment 1: Evaluation of Pet Training Techniques,"['online_url', 'online_upload']",,0.95
,2be49,,100,2040-03-25T00:00:00Z,online_upload,,graded,1,0,2040-03-29T06:59:00Z,100,Assignment 1: Evaluation of Pet Training Techniques,"['online_url', 'online_upload']",,1
,36c03,,75,2040-03-28T00:00:00Z,online_upload,,graded,1,0,2040-03-29T06:59:00Z,100,Assignment 1: Evaluation of Pet Training Techniques,"['online_url', 'online_upload']",,0.75
,428ee,,90,2040-03-29T00:00:00Z,online_upload,,graded,1,0,2040-03-29T06:59:00Z,100,Assignment 1: Evaluation of Pet Training Techniques,"['online_url', 'online_upload']",,0.9
,5d607,,90,2040-03-25T00:00:00Z,online_upload,,graded,1,0,2040-03-29T06:59:00Z,100,Assignment 1: Evaluation of Pet Training Techniques,"['online_url', 'online_upload']",,0.9
,73f13,,100,2040-03-28T00:00:00Z,online_upload,,graded,1,0,2040-03-29T06:59:00Z,100,Assignment 1: Evaluation of Pet Training Techniques,"['online_url', 'online_upload']",,1
,907da,,100,2040-03-24T00:00:00Z,online_upload,,graded,1,0,2040-03-29T06:59:00Z,100,Assignment 1: Evaluation of Pet Training Techniques,"['online_url', 'online_upload']",,1
,a7d74,,90,2040-03-29T00:00:00Z,online_upload,,graded,1,0,2040-03-29T06:59:00Z,100,Assignment 1: Evaluation of Pet Training Techniques,"['online_url', 'online_upload']",,0.9
,b959c,,90,2040-03-28T00:00:00Z,online_upload,,graded,1,0,2040-03-29T06:59:00Z,100,Assignment 1: Evaluation of Pet Training Techniques,"['online_url', 'online_upload']",,0.9
,cbae5,,95,2040-03-28T00:00:00Z,online_upload,,graded,1,0,2040-03-29T06:59:00Z,100,Assignment 1: Evaluation of Pet Training Techniques,"['online_url', 'online_upload']",,0.95
,dde0c,,90,2040-03-28T00:00:00Z,online_upload,,graded,1,0,2040-03-29T06:59:00Z,100,Assignment 1: Evaluation of Pet Training Techniques,"['online_url', 'online_upload']",,0.9
,0bcc4,,0,2040-03-28T00:00:00Z,online_upload,,graded,1,0,2040-04-01T06:59:00Z,0,Assignment 2a: Submit Your Pet Adventure Proposal (Not Graded),"['online_text_entry', 'online_upload']",,
,152f3,,0,2040-03-31T00:00:00Z,online_upload,,graded,1,0,2040-04-01T06:59:00Z,0,Assignment 2a: Submit Your Pet Adventure Proposal (Not Graded),"['online_text_entry', 'online_upload']",,
,153d7,,0,2040-04-01T00:00:00Z,online_upload,,graded,1,0,2040-04-01T06:59:00Z,0,Assignment 2a: Submit Your Pet Adventure Proposal (Not Graded),"['online_text_entry', 'online_upload']",,
,28c58,,0,2040-04-05T00:00:00Z,online_upload,,graded,1,0,2040-04-01T06:59:00Z,0,Assignment 2a: Submit Your Pet Adventure Proposal (Not Graded),"['online_text_entry', 'online_upload']",,
,2975a,,0,2040-03-30T00:00:00Z,online_upload,,graded,1,0,2040-04-01T06:59:00Z,0,Assignment 2a: Submit Your Pet Adventure Proposal (Not Graded),"['online_text_entry', 'online_upload']",,
,2be49,,0,2040-03-25T00:00:00Z,online_upload,,graded,1,0,2040-04-01T06:59:00Z,0,Assignment 2a: Submit Your Pet Adventure Proposal (Not Graded),"['online_text_entry', 'online_upload']",,
,36c03,,0,2040-03-31T00:00:00Z,online_upload,,graded,1,0,2040-04-01T06:59:00Z,0,Assignment 2a: Submit Your Pet Adventure Proposal (Not Graded),"['online_text_entry', 'online_upload']",,
,428ee,,0,2040-03-31T00:00:00Z,online_upload,,graded,1,0,2040-04-01T06:59:00Z,0,Assignment 2a: Submit Your Pet Adventure Proposal (Not Graded),"['online_text_entry', 'online_upload']",,
,5d607,,0,2040-03-25T00:00:00Z,online_upload,,graded,1,0,2040-04-01T06:59:00Z,0,Assignment 2a: Submit Your Pet Adventure Proposal (Not Graded),"['online_text_entry', 'online_upload']",,
,73f13,,0,2040-04-01T00:00:00Z,online_upload,,graded,1,0,2040-04-01T06:59:00Z,0,Assignment 2a: Submit Your Pet Adventure Proposal (Not Graded),"['online_text_entry', 'online_upload']",,
,907da,,0,2040-03-26T00:00:00Z,online_upload,,graded,1,0,2040-04-01T06:59:00Z,0,Assignment 2a: Submit Your Pet Adventure Proposal (Not Graded),"['online_text_entry', 'online_upload']",,
,a7d74,,0,2040-04-01T00:00:00Z,online_upload,,graded,2,0,2040-04-01T06:59:00Z,0,Assignment 2a: Submit Your Pet Adventure Proposal (Not Graded),"['online_text_entry', 'online_upload']",,
,b959c,,0,2040-04-02T00:00:00Z,online_upload,,graded,2,0,2040-04-01T06:59:00Z,0,Assignment 2a: Submit Your Pet Adventure Proposal (Not Graded),"['online_text_entry', 'online_upload']",,
,cbae5,,0,2040-03-28T00:00:00Z,online_upload,,graded,1,0,2040-04-01T06:59:00Z,0,Assignment 2a: Submit Your Pet Adventure Proposal (Not Graded),"['online_text_entry', 'online_upload']",,
,dde0c,,0,2040-03-30T00:00:00Z,online_upload,,graded,1,0,2040-04-01T06:59:00Z,0,Assignment 2a: Submit Your Pet Adventure Proposal (Not Graded),"['online_text_entry', 'online_upload']",,
,0bcc4,,100,2040-04-18T00:00:00Z,online_upload,,graded,1,0,2040-04-19T06:59:00Z,100,Assignment 2b: A Report on Your Pet Exploration,"['online_url', 'online_upload']",,1
,152f3,,90,2040-04-19T00:00:00Z,online_upload,,graded,1,0,2040-04-19T06:59:00Z,100,Assignment 2b: A Report on Your Pet Exploration,"['online_url', 'online_upload']",,0.9
,153d7,,85,2040-04-19T00:00:00Z,online_upload,,graded,2,0,2040-04-19T06:59:00Z,100,Assignment 2b: A Report on Your Pet Exploration,"['online_url', 'online_upload']",,0.85
,28c58,,95,2040-04-19T00:00:00Z,online_upload,,graded,1,0,2040-04-19T06:59:00Z,100,Assignment 2b: A Report on Your Pet Exploration,"['online_url', 'online_upload']",,0.95
,2975a,,90,2040-04-18T00:00:00Z,online_upload,,graded,1,0,2040-04-19T06:59:00Z,100,Assignment 2b: A Report on Your Pet Exploration,"['online_url', 'online_upload']",,0.9
,2be49,,85,2040-04-16T00:00:00Z,online_upload,,graded,1,0,2040-04-19T06:59:00Z,100,Assignment 2b: A Report on Your Pet Exploration,"['online_url', 'online_upload']",,0.85
,36c03,,100,2040-04-18T00:00:00Z,online_upload,,graded,1,0,2040-04-19T06:59:00Z,100,Assignment 2b: A Report on Your Pet Exploration,"['online_url', 'online_upload']",,1
,428ee,,95,2040-04-19T00:00:00Z,online_upload,,graded,1,0,2040-04-19T06:59:00Z,100,Assignment 2b: A Report on Your Pet Exploration,"['online_url', 'online_upload']",,0.95
,5d607,,100,2040-04-11T00:00:00Z,online_upload,,graded,1,0,2040-04-19T06:59:00Z,100,Assignment 2b: A Report on Your Pet Exploration,"['online_url', 'online_upload']",,1
,73f13,,90,2040-04-19T00:00:00Z,online_upload,,graded,3,0,2040-04-19T06:59:00Z,100,Assignment 2b: A Report on Your Pet Exploration,"['online_url', 'online_upload']",,0.9
,907da,,90,2040-04-16T00:00:00Z,online_upload,,graded,1,0,2040-04-19T06:59:00Z,100,Assignment 2b: A Report on Your Pet Exploration,"['online_url', 'online_upload']",,0.9
,a7d74,,85,2040-04-17T00:00:00Z,online_upload,,graded,1,0,2040-04-19T06:59:00Z,100,Assignment 2b: A Report on Your Pet Exploration,"['online_url', 'online_upload']",,0.85
,b959c,,80,2040-04-26T00:00:00Z,online_upload,,graded,2,0,2040-04-19T06:59:00Z,100,Assignment 2b: A Report on Your Pet Exploration,"['online_url', 'online_upload']",,0.8
,cbae5,,70,2040-04-18T00:00:00Z,online_upload,,graded,1,0,2040-04-19T06:59:00Z,100,Assignment 2b: A Report on Your Pet Exploration,"['online_url', 'online_upload']",,0.7
,dde0c,,80,2040-04-18T00:00:00Z,online_upload,,graded,1,0,2040-04-19T06:59:00Z,100,Assignment 2b: A Report on Your Pet Exploration,"['online_url', 'online_upload']",,0.8
,0bcc4,,40,2040-01-19T00:00:00Z,discussion_topic,,graded,1,0,2040-01-21T07:59:00Z,40,Task 1: Explore Pet Analytics,['discussion_topic'],,1
,152f3,,40,2040-01-18T00:00:00Z,discussion_topic,,graded,1,0,2040-01-21T07:59:00Z,40,Task 1: Explore Pet Analytics,['discussion_topic'],,1
,153d7,,40,2040-01-20T00:00:00Z,discussion_topic,,graded,1,0,2040-01-21T07:59:00Z,40,Task 1: Explore Pet Analytics,['discussion_topic'],,1
,28c58,,40,2040-01-21T00:00:00Z,discussion_topic,,graded,1,0,2040-01-21T07:59:00Z,40,Task 1: Explore Pet Analytics,['discussion_topic'],,1
,2975a,,40,2040-01-18T00:00:00Z,discussion_topic,,graded,1,0,2040-01-21T07:59:00Z,40,Task 1: Explore Pet Analytics,['discussion_topic'],,1
,2be49,,35,2040-01-15T00:00:00Z,discussion_topic,,graded,1,0,2040-01-21T07:59:00Z,40,Task 1: Explore Pet Analytics,['discussion_topic'],,0.875
,36c03,,40,2040-01-16T00:00:00Z,discussion_topic,,graded,1,0,2040-01-21T07:59:00Z,40,Task 1: Explore Pet Analytics,['discussion_topic'],,1
,428ee,,40,2040-01-20T00:00:00Z,discussion_topic,,graded,1,0,2040-01-21T07:59:00Z,40,Task 1: Explore Pet Analytics,['discussion_topic'],,1
,5d607,,40,2040-01-14T00:00:00Z,discussion_topic,,graded,1,0,2040-01-21T07:59:00Z,40,Task 1: Explore Pet Analytics,['discussion_topic'],,1
,73f13,,35,2040-01-17T00:00:00Z,discussion_topic,,graded,1,0,2040-01-21T07:59:00Z,40,Task 1: Explore Pet Analytics,['discussion_topic'],,0.875
,907da,,40,2040-01-16T00:00:00Z,discussion_topic,,graded,1,0,2040-01-21T07:59:00Z,40,Task 1: Explore Pet Analytics,['discussion_topic'],,1
,a7d74,,40,2040-01-21T00:00:00Z,discussion_topic,,graded,1,0,2040-01-21T07:59:00Z,40,Task 1: Explore Pet Analytics,['discussion_topic'],,1
,b959c,,35,2040-01-20T00:00:00Z,discussion_topic,,graded,1,0,2040-01-21T07:59:00Z,40,Task 1: Explore Pet Analytics,['discussion_topic'],,0.875
,cbae5,,40,2040-01-17T00:00:00Z,discussion_topic,,graded,1,0,2040-01-21T07:59:00Z,40,Task 1: Explore Pet Analytics,['discussion_topic'],,1
,cbae5,,40,2040-01-18T00:00:00Z,discussion_topic,,graded,1,0,2040-01-21T07:59:00Z,40,Task 1: Explore Pet Analytics,['discussion_topic'],,1
,dde0c,,40,2040-01-18T00:00:00Z,discussion_topic,,graded,1,0,2040-01-21T07:59:00Z,40,Task 1: Explore Pet Analytics,['discussion_topic'],,1
,0bcc4,,35,2040-02-04T00:00:00Z,discussion_topic,,graded,1,0,2040-02-04T07:59:00Z,40,Task 2A: Pets in Your Context,['discussion_topic'],,0.875
,152f3,,40,2040-02-04T00:00:00Z,discussion_topic,,graded,1,0,2040-02-04T07:59:00Z,40,Task 2A: Pets in Your Context,['discussion_topic'],,1
,153d7,,35,2040-02-04T00:00:00Z,discussion_topic,,graded,1,0,2040-02-04T07:59:00Z,40,Task 2A: Pets in Your Context,['discussion_topic'],,0.875
,28c58,,35,2040-02-04T00:00:00Z,discussion_topic,,graded,1,0,2040-02-04T07:59:00Z,40,Task 2A: Pets in Your Context,['discussion_topic'],,0.875
,2975a,,40,2040-02-01T00:00:00Z,discussion_topic,,graded,1,0,2040-02-04T07:59:00Z,40,Task 2A: Pets in Your Context,['discussion_topic'],,1
,5d607,,40,2040-01-27T00:00:00Z,discussion_topic,,graded,1,0,2040-02-04T07:59:00Z,40,Task 2A: Pets in Your Context,['discussion_topic'],,1
,73f13,,,2040-02-03T00:00:00Z,discussion_topic,,submitted,1,0,2040-02-04T07:59:00Z,40,Task 2A: Pets in Your Context,['discussion_topic'],,
,907da,,40,2040-01-29T00:00:00Z,discussion_topic,,graded,1,0,2040-02-04T07:59:00Z,40,Task 2A: Pets in Your Context,['discussion_topic'],,1
,b959c,,35,2040-01-31T00:00:00Z,discussion_topic,,graded,1,0,2040-02-04T07:59:00Z,40,Task 2A: Pets in Your Context,['discussion_topic'],,0.875
,cbae5,,35,2040-01-31T00:00:00Z,discussion_topic,,graded,1,0,2040-02-04T07:59:00Z,40,Task 2A: Pets in Your Context,['discussion_topic'],,0.875
,dde0c,,35,2040-01-31T00:00:00Z,discussion_topic,,graded,1,0,2040-02-04T07:59:00Z,40,Task 2A: Pets in Your Context,['discussion_topic'],,0.875
,2be49,,40,2040-02-06T00:00:00Z,online_url,,graded,1,0,2040-02-08T07:59:00Z,40,Task 2B: Advanced Cats and Dogs,"['online_url', 'online_upload']",,1
,36c03,,40,2040-02-06T00:00:00Z,online_upload,,graded,1,0,2040-02-08T07:59:00Z,40,Task 2B: Advanced Cats and Dogs,"['online_url', 'online_upload']",,1
,428ee,,40,2040-02-08T00:00:00Z,online_upload,,graded,1,0,2040-02-08T07:59:00Z,40,Task 2B: Advanced Cats and Dogs,"['online_url', 'online_upload']",,1
,73f13,,40,2040-02-08T00:00:00Z,online_upload,,graded,1,0,2040-02-08T07:59:00Z,40,Task 2B: Advanced Cats and Dogs,"['online_url', 'online_upload']",,1
,a7d74,,40,2040-02-08T00:00:00Z,online_upload,,graded,1,0,2040-02-08T07:59:00Z,40,Task 2B: Advanced Cats and Dogs,"['online_url', 'online_upload']",,1
,0bcc4,,40,2040-02-28T00:00:00Z,discussion_topic,,graded,1,0,2040-03-01T07:59:00Z,40,Task 3: Investigate Pet Adoptions,['discussion_topic'],,1
,152f3,,40,2040-02-28T00:00:00Z,discussion_topic,,graded,1,0,2040-03-01T07:59:00Z,40,Task 3: Investigate Pet Adoptions,['discussion_topic'],,1
,153d7,,40,2040-02-28T00:00:00Z,discussion_topic,,graded,1,0,2040-03-01T07:59:00Z,40,Task 3: Investigate Pet Adoptions,['discussion_topic'],,1
,28c58,,40,2040-02-28T00:00:00Z,discussion_topic,,graded,1,0,2040-03-01T07:59:00Z,40,Task 3: Investigate Pet Adoptions,['discussion_topic'],,1
,2975a,,35,2040-02-21T00:00:00Z,discussion_topic,,graded,1,0,2040-03-01T07:59:00Z,40,Task 3: Investigate Pet Adoptions,['discussion_topic'],,0.875
,2be49,,40,2040-02-18T00:00:00Z,discussion_topic,,graded,1,0,2040-03-01T07:59:00Z,40,Task 3: Investigate Pet Adoptions,['discussion_topic'],,1
,36c03,,40,2040-02-19T00:00:00Z,discussion_topic,,graded,1,0,2040-03-01T07:59:00Z,40,Task 3: Investigate Pet Adoptions,['discussion_topic'],,1
,428ee,,40,2040-02-28T00:00:00Z,discussion_topic,,graded,1,0,2040-03-01T07:59:00Z,40,Task 3: Investigate Pet Adoptions,['discussion_topic'],,1
,5d607,,40,2040-02-18T00:00:00Z,discussion_topic,,graded,1,0,2040-03-01T07:59:00Z,40,Task 3: Investigate Pet Adoptions,['discussion_topic'],,1
,73f13,,40,2040-02-20T00:00:00Z,discussion_topic,,graded,1,0,2040-03-01T07:59:00Z,40,Task 3: Investigate Pet Adoptions,['discussion_topic'],,1
,907da,,35,2040-02-17T00:00:00Z,discussion_topic,,graded,1,0,2040-03-01T07:59:00Z,40,Task 3: Investigate Pet Adoptions,['discussion_topic'],,0.875
,a7d74,,40,2040-03-01T00:00:00Z,discussion_topic,,graded,1,0,2040-03-01T07:59:00Z,40,Task 3: Investigate Pet Adoptions,['discussion_topic'],,1
,b959c,,40,2040-02-27T00:00:00Z,discussion_topic,,graded,1,0,2040-03-01T07:59:00Z,40,Task 3: Investigate Pet Adoptions,['discussion_topic'],,1
,cbae5,,35,2040-02-28T00:00:00Z,discussion_topic,,graded,1,0,2040-03-01T07:59:00Z,40,Task 3: Investigate Pet Adoptions,['discussion_topic'],,0.875
,dde0c,,40,2040-02-24T00:00:00Z,discussion_topic,,graded,1,0,2040-03-01T07:59:00Z,40,Task 3: Investigate Pet Adoptions,['discussion_topic'],,1
,152f3,,40,2040-03-11T00:00:00Z,discussion_topic,,graded,1,0,2040-03-11T07:59:00Z,40,Task 4A: Pet Questions,['discussion_topic'],,1
,2975a,,35,2040-03-09T00:00:00Z,discussion_topic,,graded,1,0,2040-03-11T07:59:00Z,40,Task 4A: Pet Questions,['discussion_topic'],,0.875
,2be49,,40,2040-03-05T00:00:00Z,discussion_topic,,graded,1,0,2040-03-11T07:59:00Z,40,Task 4A: Pet Questions,['discussion_topic'],,1
,428ee,,,2040-03-14T00:00:00Z,discussion_topic,,submitted,1,0,2040-03-11T07:59:00Z,40,Task 4A: Pet Questions,['discussion_topic'],,
,0bcc4,,40,2040-03-14T00:00:00Z,online_upload,,graded,1,0,2040-03-15T06:59:00Z,40,Task 4B: Cat or Dog?,"['online_text_entry', 'online_url', 'online_upload']",,1
,153d7,,40,2040-03-14T00:00:00Z,online_upload,,graded,1,0,2040-03-15T06:59:00Z,40,Task 4B: Cat or Dog?,"['online_text_entry', 'online_url', 'online_upload']",,1
,28c58,,35,2040-03-15T00:00:00Z,online_upload,,graded,1,0,2040-03-15T06:59:00Z,40,Task 4B: Cat or Dog?,"['online_text_entry', 'online_url', 'online_upload']",,0.875
,428ee,,35,2040-03-14T00:00:00Z,online_upload,,graded,1,0,2040-03-15T06:59:00Z,40,Task 4B: Cat or Dog?,"['online_text_entry', 'online_url', 'online_upload']",,0.875
,5d607,,35,2040-03-08T00:00:00Z,online_upload,,graded,1,0,2040-03-15T06:59:00Z,40,Task 4B: Cat or Dog?,"['online_text_entry', 'online_url', 'online_upload']",,0.875
,73f13,,40,2040-03-14T00:00:00Z,online_upload,,graded,1,0,2040-03-15T06:59:00Z,40,Task 4B: Cat or Dog?,"['online_text_entry', 'online_url', 'online_upload']",,1
,907da,,40,2040-03-25T00:00:00Z,online_upload,,graded,2,0,2040-03-15T06:59:00Z,40,Task 4B: Cat or Dog?,"['online_text_entry', 'online_url', 'online_upload']",,1
,b959c,,40,2040-03-13T00:00:00Z,online_upload,,graded,1,0,2040-03-15T06:59:00Z,40,Task 4B: Cat or Dog?,"['online_text_entry', 'online_url', 'online_upload']",,1
,dde0c,,35,2040-03-14T00:00:00Z,online_text_entry,,graded,1,0,2040-03-15T06:59:00Z,40,Task 4B: Cat or Dog?,"['online_text_entry', 'online_url', 'online_upload']",,0.875
,36c03,,40,2040-03-14T00:00:00Z,online_upload,,graded,1,0,2040-03-15T06:59:00Z,40,Task 4C: You Advise on Pet Adoption,"['online_text_entry', 'online_upload']",,1
,a7d74,,40,2040-03-15T00:00:00Z,online_upload,,graded,1,0,2040-03-15T06:59:00Z,40,Task 4C: You Advise on Pet Adoption,"['online_text_entry', 'online_upload']",,1
,cbae5,,40,2040-03-14T00:00:00Z,online_upload,,graded,1,0,2040-03-15T06:59:00Z,40,Task 4C: You Advise on Pet Adoption,"['online_text_entry', 'online_upload']",,1
,0bcc4,,20,2040-04-18T00:00:00Z,discussion_topic,,graded,1,0,2040-04-19T06:59:00Z,20,Task 5: Share a Pet Adventure,['discussion_topic'],,1
,152f3,,20,2040-04-19T00:00:00Z,discussion_topic,,graded,1,0,2040-04-19T06:59:00Z,20,Task 5: Share a Pet Adventure,['discussion_topic'],,1
,153d7,,20,2040-04-19T00:00:00Z,discussion_topic,,graded,1,0,2040-04-19T06:59:00Z,20,Task 5: Share a Pet Adventure,['discussion_topic'],,1
,2975a,,20,2040-04-18T00:00:00Z,discussion_topic,,graded,2,0,2040-04-19T06:59:00Z,20,Task 5: Share a Pet Adventure,['discussion_topic'],,1
,2be49,,20,2040-04-16T00:00:00Z,discussion_topic,,graded,1,0,2040-04-19T06:59:00Z,20,Task 5: Share a Pet Adventure,['discussion_topic'],,1
,428ee,,20,2040-04-19T00:00:00Z,discussion_topic,,graded,1,0,2040-04-19T06:59:00Z,20,Task 5: Share a Pet Adventure,['discussion_topic'],,1
,5d607,,20,2040-04-11T00:00:00Z,discussion_topic,,graded,1,0,2040-04-19T06:59:00Z,20,Task 5: Share a Pet Adventure,['discussion_topic'],,1
,73f13,,20,2040-04-19T00:00:00Z,discussion_topic,,graded,1,0,2040-04-19T06:59:00Z,20,Task 5: Share a Pet Adventure,['discussion_topic'],,1
,907da,,20,2040-04-16T00:00:00Z,discussion_topic,,graded,1,0,2040-04-19T06:59:00Z,20,Task 5: Share a Pet Adventure,['discussion_topic'],,1
,a7d74,,15,2040-04-17T00:00:00Z,discussion_topic,,graded,1,0,2040-04-19T06:59:00Z,20,Task 5: Share a Pet Adventure,['discussion_topic'],,0.75
,b959c,,15,2040-04-18T00:00:00Z,discussion_topic,,graded,1,0,2040-04-19T06:59:00Z,20,Task 5: Share a Pet Adventure,['discussion_topic'],,0.75
,cbae5,,15,2040-04-18T00:00:00Z,discussion_topic,,graded,1,0,2040-04-19T06:59:00Z,20,Task 5: Share a Pet Adventure,['discussion_topic'],,0.75
,dde0c,,15,2040-04-18T00:00:00Z,discussion_topic,,graded,1,0,2040-04-19T06:59:00Z,20,Task 5: Share a Pet Adventure,['discussion_topic'],,0.75